"a","b","d","e","f g ","fdsafs"
"a","df","dfsf","fe","fe","fds","fafd","","fdsafd","","fdasfd"
"a","ad ","fdsfd","fds","fe","fe","fe","fe","fe","fe","f","e","s","fa","df","s"
"b","ad ","fdsfd","fds","fe","fe","fe","fe","fe","fe","f","e","s","fa","df","s"
"b","ad ","fdsfd","fds","fe","fe","fe","fe","fe","fe","f","e","s","fa","df","s"
"b","ad ","fdsfd","fds","fe","fe","fe","fe","fe","fe","f","e","s","fa","df","s"
"e","ad ","fdsfd","fds","fe","fe","fe","fe","fe","fe","f","e","s","fa","df","s"
"f","ad ","fdsfd","fds","fe","fe","fe","fe","fe","fe","f","e","s","fa","df","s"
"g","ad ","fdsfd","fds","fe","fe","fe","fe","fe","fe","f","e","s","fa","df","s"
"g","ad ","fdsfd","fds","fe","fe","fe","fe","fe","fe","f","e","s","fa","df","s"
"g","ad ","fdsfd","fds","fe","fe","fe","fe","fe","fe","f","e","s","fa","df","s"
"g","ad ","fdsfd","fds","fe","fe","fe","fe","fe","fe","f","e","s","fa","df","s"
